<?xml version="1.0" encoding="UTF-8" ?>
        <!DOCTYPE mapper
                PUBLIC "-//mybatis.org//DTD Mapper 3.0//EN"
                "https://mybatis.org/dtd/mybatis-3-mapper.dtd">

<mapper namespace="ac.sw.boardMybatis.mapper.BoardMapper">
    <select id="getAllList">
        SELECT b.id, b.title,b.content, b.regdate, b.views,b.member_id, m.email AS writer_email
        FROM board b JOIN member m ON b.member_id = m.id
    </select>
    <insert id="save" useGeneratedKeys="true" keyColumn="id" keyProperty="board.id">
       insert into board(title, content, views, member_id, image_path, image_original_name)
       values(#{board.title},#{board.content},0,#{board.member_id},
        #{board.image_path}, #{board.image_original_name })
    </insert>
    <select id="getBoardById">
       select * from board where id=#{id}
    </select>
    <update id="increaseViews">
        update board set views = views + 1 where id=#{id}
    </update>

</mapper>