<?xml version="1.0" encoding="UTF-8" ?>
        <!DOCTYPE mapper
                PUBLIC "-//mybatis.org//DTD Mapper 3.0//EN"
                "https://mybatis.org/dtd/mybatis-3-mapper.dtd">

<mapper namespace="ac.sw.boardMybatis.mapper.MemberMapper">
    <insert id="addMember" useGeneratedKeys="true" keyColumn="id" keyProperty="member.id">
        insert into member (name, email, pwd, age)
        values (#{member.name},#{member.email},#{member.pwd},#{member.age})
    </insert>
    <select id="findMember">
        select * from member where email=#{email} and pwd=#{pwd}
    </select>
    <select id="findMemberById">
        select * from member where id=#{id}
    </select>
    <update id="updateMember">
        UPDATE member SET name = #{member.name}, email=#{member.email},
                          pwd = #{member.pwd}, age=#{member.age}
        WHERE id = #{member.id}
    </update>
    <select id="getAllMember">
        select * from member
    </select>
    <delete id="deleteMember">
        delete from member where id=#{id}
    </delete>
</mapper>