<!DOCTYPE mapper PUBLIC "-//mybatis.org//DTD Mapper 3.0//EN"
  "http://mybatis.org/dtd/mybatis-3-mapper.dtd">
<mapper namespace="ac.it.boardMybatis.mapper.AdminBookMapper">

  <insert id="insert" useGeneratedKeys="true" keyProperty="id">
    INSERT INTO book(title,author,publisher,price,stock,category_id,thumbnail_path,description)
    VALUES(#{b.title},#{b.author},#{b.publisher},#{b.price},#{b.stock},#{b.categoryId},#{b.thumbnailPath},#{b.description})
  </insert>

  <update id="update">
    UPDATE book SET
      title=#{title}, author=#{author}, publisher=#{publisher},
      price=#{price}, stock=#{stock}, category_id=#{categoryId},
      thumbnail_path=#{thumbnailPath}, description=#{description}
    WHERE id = #{id}
  </update>
  <delete id="delete">
    DELETE FROM book WHERE id = #{id}
  </delete>
  <select id="findAll" resultType="ac.it.boardMybatis.DTO.Book">
    SELECT id, title, author, publisher, price, stock,
           category_id AS categoryId, thumbnail_path AS thumbnailPath,
           description, reg_date AS regDate
    FROM book ORDER BY id DESC
  </select>
</mapper>
