<?xml version="1.0" encoding="utf-8" ?>
<!DOCTYPE mapper
        PUBLIC "-//mybatis.org//DTD Mapper 3.0//EN"
        "https://mybatis.org/dtd/mybatis-3-mapper.dtd">

<mapper namespace="ac.it.boardMybatis.mapper.BoardMapper">

   <select id="getAllBoardList">
       SELECT b.id, b.title,b.content, b.views, b.regdate, b.member_id, +
       m.email AS writer_email FROM board b JOIN member m ON b.member_id = m.id
   </select>

    <insert id="insertBoard" useGeneratedKeys="true" keyColumn="id" keyProperty="board.id">
        insert into board (title, content, member_id, image_path, image_original_name )
        values (#{board.title},#{board.content},#{board.member_id}, #{board.image_path}, #{board.image_original_name})
    </insert>

    <select id="getBoardById">
        select * from board where id=#{id}
    </select>

    <update id="increaseView">
        update board set views = views + 1 where id = #{id}
    </update>

    <delete id="deleteBoard">
        delete from board where id = #{id}
    </delete>

</mapper>


