<!DOCTYPE mapper PUBLIC "-//mybatis.org//DTD Mapper 3.0//EN"
  "http://mybatis.org/dtd/mybatis-3-mapper.dtd">
<mapper namespace="ac.it.boardMybatis.mapper.BookMapper">

  <sql id="whereCond">
    <where>
      <if test="keyword != null and keyword != ''">
        (title LIKE CONCAT('%', #{keyword}, '%')
         OR author LIKE CONCAT('%', #{keyword}, '%'))
      </if>
      <if test="categoryId != null">
        AND category_id = #{categoryId}
      </if>
      <if test="minPrice != null">
        AND price &gt;= #{minPrice}
      </if>
      <if test="maxPrice != null">
        AND price &lt;= #{maxPrice}
      </if>
    </where>
  </sql>

  <select id="count" parameterType="ac.it.boardMybatis.DTO.BookSearchCond" resultType="int">
    SELECT COUNT(*) FROM book
    <include refid="whereCond"/>
  </select>

  <select id="findPage" parameterType="ac.it.boardMybatis.DTO.BookSearchCond"
          resultType="ac.it.boardMybatis.DTO.Book">
    SELECT id, title, author, publisher, price, stock, category_id AS categoryId,
           thumbnail_path AS thumbnailPath, description, reg_date AS regDate
    FROM book
    <include refid="whereCond"/>
    ORDER BY reg_date DESC
    LIMIT #{size} OFFSET #{offset}
  </select>

  <select id="findById" parameterType="int" resultType="ac.it.boardMybatis.DTO.Book">
    SELECT id, title, author, publisher, price, stock, category_id AS categoryId,
           thumbnail_path AS thumbnailPath, description, reg_date AS regDate
    FROM book WHERE id = #{id}
  </select>

    <select id="findFeatured" resultType="ac.it.boardMybatis.DTO.Book">
        SELECT id, title, author, price, thumbnail_path AS thumbnailPath
        FROM book
        ORDER BY reg_date DESC
        LIMIT #{limit}
    </select>

</mapper>
