<!DOCTYPE mapper PUBLIC "-//mybatis.org//DTD Mapper 3.0//EN"
  "http://mybatis.org/dtd/mybatis-3-mapper.dtd">

<mapper namespace="ac.it.boardMybatis.mapper.CartMapper">
  <select id="findCartIdByMemberId" parameterType="int" resultType="int">
    SELECT id FROM cart WHERE member_id = #{memberId}
  </select>

  <insert id="createCart">
    INSERT INTO cart(member_id) VALUES(#{memberId})
  </insert>

  <insert id="upsertCartItem">
    INSERT INTO cart_item(cart_id, book_id, qty)
    VALUES(#{cartId}, #{bookId}, #{qty})
    ON DUPLICATE KEY UPDATE qty = qty + VALUES(qty)
  </insert>

  <select id="findCartItems" parameterType="int" resultType="ac.it.boardMybatis.DTO.CartItemView">
    SELECT ci.id AS cartItemId, b.id AS bookId, b.title, b.price, ci.qty,
           (b.price * ci.qty) AS lineTotal
    FROM cart_item ci
    JOIN book b ON b.id = ci.book_id
    WHERE ci.cart_id = #{cartId}
    ORDER BY ci.id DESC
  </select>

  <update id="updateQty">
    UPDATE cart_item SET qty = #{qty} WHERE id = #{cartItemId}
  </update>

  <delete id="deleteItem">
    DELETE FROM cart_item WHERE id = #{cartItemId}
  </delete>

  <delete id="clearCart">
    DELETE FROM cart_item WHERE cart_id = #{cartId}
  </delete>

  <select id="countItems" resultType="int">
        SELECT COALESCE(SUM(qty), 0) FROM cart_item WHERE cart_id = #{cartId}
  </select>
</mapper>
