<?xml version="1.0" encoding="utf-8" ?>
<!DOCTYPE mapper
        PUBLIC "-//mybatis.org//DTD Mapper 3.0//EN"
        "https://mybatis.org/dtd/mybatis-3-mapper.dtd">

<mapper namespace="ac.it.boardMybatis.mapper.MemberMapper">
    <insert id="insertMember" useGeneratedKeys="true" keyProperty="dto.id" keyColumn="id">
        insert into member(email,pwd,age,role)
        values(#{dto.email}, #{dto.pwd}, #{dto.age}, #{dto.role})
    </insert>

    <select id="findUser">
        select * from member where email = #{dto.email} and pwd = #{dto.pwd}
    </select>

    <select id="getAllMembers">
        select * from member
    </select>

    <select id="findById">
        select * from member where id = #{id}
    </select>

    <update id="updateMember">
        update member set email=#{dto.email}, pwd=#{dto.pwd},
                          age=#{dto.age} where id = #{dto.id}
    </update>

    <delete id="deleteMember">
        delete from member where id=#{id}
    </delete>
</mapper>