<!DOCTYPE mapper PUBLIC "-//mybatis.org//DTD Mapper 3.0//EN"
  "http://mybatis.org/dtd/mybatis-3-mapper.dtd">
<mapper namespace="ac.it.boardMybatis.mapper.OrderMapper">
  <insert id="insertOrder" useGeneratedKeys="true" keyProperty="id">
    INSERT INTO orders(member_id, total_price, order_status)
    VALUES(#{member_id}, #{total_price}, #{order_status})
  </insert>

  <insert id="insertOrderItem">
    INSERT INTO order_item(order_id, book_id, price, qty)
    VALUES(#{param1}, #{param2}, #{param3}, #{param4})
  </insert>

  <select id="getBookStock" parameterType="int" resultType="int">
    SELECT stock FROM book WHERE id = #{bookId}
  </select>

  <update id="decreaseStock">
    UPDATE book SET stock = stock - #{qty}
    WHERE id = #{bookId} AND stock >= #{qty}
  </update>

    <!-- 주문 목록 -->
    <select id="findByMemberId" resultType="ac.it.boardMybatis.DTO.Order">
        SELECT id, total_price, order_status, created_at
        FROM orders
        WHERE member_id = #{memberId}
        ORDER BY id DESC
    </select>

    <!-- 주문 한 건 조회 (member 확인 포함) -->
    <select id="findOrder" resultType="ac.it.boardMybatis.DTO.Order">
        SELECT id, member_id, total_price, order_status, created_at
        FROM orders
        WHERE id = #{orderId}
        AND member_id = #{memberId}
    </select>

    <!-- 주문 아이템 조회 -->
    <select id="findOrderItems" resultType="ac.it.boardMybatis.DTO.OrderItemView">
        SELECT oi.id AS order_item_id, oi.book_id, b.title, oi.price, oi.qty,
        (oi.price * oi.qty) AS lineTotal
        FROM order_item oi
        JOIN book b ON b.id = oi.book_id
        WHERE oi.order_id = #{orderId}
    </select>

    <!-- 주문 상세 (상품 포함) -->
<!--    <select id="findDetail" resultMap="orderWithItems">-->
<!--        SELECT o.id AS order_id, o.total_price, o.order_status, o.created_at,-->
<!--        oi.id AS order_item_id, oi.book_id, b.title, b.price, oi.qty-->
<!--        FROM orders o-->
<!--        JOIN order_item oi ON o.id = oi.order_id-->
<!--        JOIN book b ON b.id = oi.book_id-->
<!--        WHERE o.id = #{orderId} AND o.member_id = #{memberId}-->
<!--    </select>-->

<!--    <resultMap id="orderWithItems" type="com.example.bookshop.domain.Order">-->
<!--        <id property="id" column="order_id"/>-->
<!--        <result property="totalPrice" column="total_price"/>-->
<!--        <result property="orderStatus" column="order_status"/>-->
<!--        <result property="createdAt" column="created_at"/>-->
<!--        <collection property="items" ofType="com.example.bookshop.domain.OrderItem">-->
<!--            <id property="id" column="order_item_id"/>-->
<!--            <result property="bookId" column="book_id"/>-->
<!--            <result property="title" column="title"/>-->
<!--            <result property="price" column="price"/>-->
<!--            <result property="qty" column="qty"/>-->
<!--        </collection>-->
<!--    </resultMap>-->

</mapper>
